metric,measure,which_comparisons
cosine,1.0,SAME
cosine,0.7639787793159485,SAME
cosine,0.9229903221130371,SAME
cosine,0.7155810594558716,SAME
cosine,0.8925285935401917,SAME
cosine,0.8660255670547485,SAME
cosine,0.7408958673477173,SAME
cosine,0.12428221851587296,SAME
cosine,0.8880823850631714,SAME
cosine,0.9438838362693787,SAME
cosine,0.9523589611053467,SAME
cosine,0.29031309485435486,SAME
cosine,0.9553712606430054,SAME
cosine,0.7867596745491028,SAME
cosine,0.8935486078262329,SAME
cosine,0.8923340439796448,SAME
cosine,0.5536488890647888,SAME
cosine,0.8280839920043945,SAME
cosine,1.0,SAME
cosine,0.9030854105949402,SAME
cosine,0.8502062559127808,SAME
cosine,1.0000001192092896,SAME
cosine,0.8525357842445374,SAME
cosine,0.551520586013794,SAME
cosine,0.7265610694885254,SAME
cosine,1.0000001192092896,SAME
cosine,0.8319756388664246,SAME
cosine,0.9165856838226318,SAME
cosine,1.0,SAME
cosine,0.6202889084815979,SAME
cosine,0.8267756104469299,SAME
cosine,0.7115450501441956,SAME
cosine,0.9314598441123962,SAME
cosine,0.7738070487976074,SAME
cosine,0.8472751975059509,SAME
cosine,1.0,SAME
cosine,0.3306448757648468,SAME
cosine,0.7600889205932617,SAME
cosine,0.9999999403953552,SAME
cosine,0.9430460333824158,SAME
cosine,0.8730807304382324,SAME
cosine,0.4317983090877533,DIFF
cosine,0.6530064940452576,DIFF
cosine,0.277463436126709,DIFF
cosine,0.724776029586792,DIFF
cosine,0.3313259780406952,DIFF
cosine,0.5720611214637756,DIFF
cosine,0.5645887851715088,DIFF
cosine,0.7263425588607788,DIFF
cosine,0.6122801303863525,DIFF
cosine,0.5828786492347717,DIFF
cosine,0.2238077074289322,DIFF
cosine,0.7024690508842468,DIFF
cosine,0.647060751914978,DIFF
cosine,0.3381507098674774,DIFF
cosine,0.5135190486907959,DIFF
cosine,0.3856830894947052,DIFF
cosine,0.21873624622821808,DIFF
cosine,0.7124081254005432,DIFF
cosine,0.26271435618400574,DIFF
cosine,0.6174628734588623,DIFF
cosine,0.7576833367347717,DIFF
cosine,0.6834027767181396,DIFF
cosine,0.4426968991756439,DIFF
cosine,0.626586377620697,DIFF
cosine,0.6491820812225342,DIFF
cosine,0.28383752703666687,DIFF
cosine,0.5587605834007263,DIFF
cosine,0.502249002456665,DIFF
cosine,0.21745361387729645,DIFF
cosine,0.4371621012687683,DIFF
cosine,0.5975908041000366,DIFF
cosine,0.2892235815525055,DIFF
cosine,0.5836724042892456,DIFF
cosine,0.6852708458900452,DIFF
cosine,0.2756422162055969,DIFF
cosine,0.0,DIFF
cosine,0.80010586977005,DIFF
cosine,0.6392406821250916,DIFF
cosine,0.9208881258964539,DIFF
cosine,0.0,DIFF
cosine,0.47991523146629333,DIFF
cosine,0.5089552402496338,DIFF
cosine,0.6006606817245483,DIFF
cosine,0.5178320407867432,DIFF
cosine,0.32909438014030457,DIFF
cosine,0.24114343523979187,DIFF
cosine,0.7935419678688049,DIFF
cosine,0.6151316165924072,DIFF
cosine,0.0,DIFF
cosine,0.09177687019109726,DIFF
cosine,0.4804764986038208,DIFF
cosine,0.7596635818481445,DIFF
cosine,0.8438393473625183,DIFF
cosine,0.3930583894252777,DIFF
cosine,0.6802151203155518,DIFF
cosine,0.0,DIFF
cosine,0.45142102241516113,DIFF
cosine,0.6487833261489868,DIFF
cosine,0.599854052066803,DIFF
cosine,0.5054608583450317,DIFF
cosine,0.41669806838035583,DIFF
cosine,0.6280286908149719,DIFF
cosine,0.6560245752334595,DIFF
cosine,0.6858404278755188,DIFF
cosine,0.40522757172584534,DIFF
cosine,0.5208327174186707,DIFF
cosine,0.37487658858299255,DIFF
cosine,0.7578407526016235,DIFF
cosine,0.62968510389328,DIFF
cosine,0.7697597146034241,DIFF
cosine,0.18483783304691315,DIFF
cosine,0.5032572150230408,DIFF
cosine,0.7748518586158752,DIFF
cosine,0.5084768533706665,DIFF
cosine,0.5146380066871643,DIFF
cosine,0.6624808311462402,DIFF
cosine,0.2512577772140503,DIFF
cosine,0.576386570930481,DIFF
cosine,0.6560718417167664,DIFF
cosine,0.1621759980916977,DIFF
cosine,0.16395585238933563,DIFF
cosine,0.6331642270088196,DIFF
cosine,0.0899219661951065,DIFF
cosine,0.6057082414627075,DIFF
cosine,0.6882911920547485,DIFF
cosine,0.15217390656471252,DIFF
cosine,0.6869086623191833,DIFF
cosine,0.6583727598190308,DIFF
cosine,0.3909616768360138,DIFF
cosine,0.7091132402420044,DIFF
cosine,0.625424861907959,DIFF
cosine,0.6700713634490967,DIFF
cosine,0.5235533714294434,DIFF
cosine,0.2726372480392456,DIFF
cosine,0.5139206647872925,DIFF
cosine,0.38934242725372314,DIFF
cosine,0.4261902868747711,DIFF
cosine,0.3648514449596405,DIFF
cosine,0.6332987546920776,DIFF
cosine,0.5543983578681946,DIFF
cosine,0.5181551575660706,DIFF
cosine,0.2083430141210556,DIFF
cosine,0.6178971529006958,DIFF
cosine,0.8588539361953735,DIFF
cosine,0.7543340921401978,DIFF
cosine,0.5728752017021179,DIFF
cosine,0.7227511405944824,DIFF
cosine,0.7593867182731628,DIFF
cosine,0.9999999403953552,DIFF
cosine,0.8174957633018494,DIFF
cosine,0.7773517966270447,DIFF
cosine,0.5055854320526123,DIFF
cosine,0.6018926501274109,DIFF
cosine,0.6765840649604797,DIFF
cosine,0.4032449722290039,DIFF
cosine,1.0000001192092896,DIFF
cosine,0.3617212772369385,DIFF
cosine,0.6431376338005066,DIFF
MUSE_cloud,0.897133795114664,SAME
MUSE_cloud,0.9068405151367187,SAME
MUSE_cloud,0.9373660534620285,SAME
MUSE_cloud,0.8042213283479214,SAME
MUSE_cloud,0.929019337350672,SAME
MUSE_cloud,0.8122738182544709,SAME
MUSE_cloud,0.9479876710818365,SAME
MUSE_cloud,0.8924039964165006,SAME
MUSE_cloud,0.7858676324288051,SAME
MUSE_cloud,0.9622514347235361,SAME
MUSE_cloud,0.818729716539383,SAME
MUSE_cloud,0.9047107857007247,SAME
MUSE_cloud,0.9401544332504272,SAME
MUSE_cloud,0.8509260416030884,SAME
MUSE_cloud,0.891302357117335,SAME
MUSE_cloud,0.9029603898525238,SAME
MUSE_cloud,0.8134515366771005,SAME
MUSE_cloud,0.7828775180710686,SAME
MUSE_cloud,0.9159066362513436,SAME
MUSE_cloud,0.9044514728917016,SAME
MUSE_cloud,0.6713673727852958,SAME
MUSE_cloud,0.9182592133680979,SAME
MUSE_cloud,0.8637866215272383,SAME
MUSE_cloud,0.8915241704537318,SAME
MUSE_cloud,0.8453844368457795,SAME
MUSE_cloud,0.9472666015991797,SAME
MUSE_cloud,0.8933508664369583,SAME
MUSE_cloud,0.9326162423406329,SAME
MUSE_cloud,1.0000000238418578,SAME
MUSE_cloud,0.9197264185973576,SAME
MUSE_cloud,1.0000001192092896,SAME
MUSE_cloud,0.7708651060238481,SAME
MUSE_cloud,0.9418500175942546,SAME
MUSE_cloud,0.8799958544618943,SAME
MUSE_cloud,0.9228736324743791,SAME
MUSE_cloud,0.9331495563189188,SAME
MUSE_cloud,0.8182825698302343,SAME
MUSE_cloud,0.8849014540513357,SAME
MUSE_cloud,0.9225119683477614,SAME
MUSE_cloud,0.8191431132810456,SAME
MUSE_cloud,1.0000000298023224,SAME
MUSE_cloud,0.42682331521064043,DIFF
MUSE_cloud,0.5748846381902695,DIFF
MUSE_cloud,0.6928336173295975,DIFF
MUSE_cloud,0.7039982566708013,DIFF
MUSE_cloud,0.4734727023612885,DIFF
MUSE_cloud,0.587485888174602,DIFF
MUSE_cloud,0.900965541601181,DIFF
MUSE_cloud,0.637816345221118,DIFF
MUSE_cloud,0.4665386132572008,DIFF
MUSE_cloud,0.6507677733898163,DIFF
MUSE_cloud,0.6742743280800906,DIFF
MUSE_cloud,0.7720033874114355,DIFF
MUSE_cloud,0.6968591050668196,DIFF
MUSE_cloud,0.4434163990345868,DIFF
MUSE_cloud,0.6256912901349689,DIFF
MUSE_cloud,0.8858953217665354,DIFF
MUSE_cloud,0.6402519366570881,DIFF
MUSE_cloud,0.5938109683990479,DIFF
MUSE_cloud,0.3577026044949889,DIFF
MUSE_cloud,0.6069817798478263,DIFF
MUSE_cloud,0.7238389970734715,DIFF
MUSE_cloud,0.5938602645288814,DIFF
MUSE_cloud,0.34832671049394104,DIFF
MUSE_cloud,0.5733678476376967,DIFF
MUSE_cloud,0.4714936587740393,DIFF
MUSE_cloud,0.5895359205163043,DIFF
MUSE_cloud,0.5299379229545593,DIFF
MUSE_cloud,0.3821020942358744,DIFF
MUSE_cloud,0.5946970005830129,DIFF
MUSE_cloud,0.6602320532004039,DIFF
MUSE_cloud,0.6750557886229621,DIFF
MUSE_cloud,0.43860064103053165,DIFF
MUSE_cloud,0.8076294852154595,DIFF
MUSE_cloud,0.5420762151479721,DIFF
MUSE_cloud,0.7300594799658832,DIFF
MUSE_cloud,0.7081220683952173,DIFF
MUSE_cloud,0.6181657457351685,DIFF
MUSE_cloud,0.6693212172159781,DIFF
MUSE_cloud,0.7232675751050314,DIFF
MUSE_cloud,0.817234375260093,DIFF
MUSE_cloud,0.4978902205824852,DIFF
MUSE_cloud,0.5460957856405348,DIFF
MUSE_cloud,0.40718868374824524,DIFF
MUSE_cloud,0.5011892056465149,DIFF
MUSE_cloud,0.45103129212345394,DIFF
MUSE_cloud,0.566798466257751,DIFF
MUSE_cloud,0.6053234905004501,DIFF
MUSE_cloud,0.7827583253383636,DIFF
MUSE_cloud,0.72732432352172,DIFF
MUSE_cloud,0.46197381522506475,DIFF
MUSE_cloud,0.5772814949353536,DIFF
MUSE_cloud,0.6740852058506929,DIFF
MUSE_cloud,0.6034495187433142,DIFF
MUSE_cloud,0.5954921826720238,DIFF
MUSE_cloud,0.5465167537331581,DIFF
MUSE_cloud,0.8083068802952766,DIFF
MUSE_cloud,0.564792961591766,DIFF
MUSE_cloud,0.6713335985938708,DIFF
MUSE_cloud,0.3918774301807086,DIFF
MUSE_cloud,0.47810680232942104,DIFF
MUSE_cloud,0.6632828017075857,DIFF
MUSE_cloud,0.6899474908908209,DIFF
MUSE_cloud,0.7658230443795522,DIFF
MUSE_cloud,0.569537885983785,DIFF
MUSE_cloud,0.5521414632147009,DIFF
MUSE_cloud,0.6044486028992612,DIFF
MUSE_cloud,0.40116240456700325,DIFF
MUSE_cloud,0.6289081871509552,DIFF
MUSE_cloud,0.6036739150683085,DIFF
MUSE_cloud,0.747739330927531,DIFF
MUSE_cloud,0.3705101639032364,DIFF
MUSE_cloud,0.41300399899482726,DIFF
MUSE_cloud,0.6309897866513994,DIFF
MUSE_cloud,0.5612413606473378,DIFF
MUSE_cloud,0.6523626126348973,DIFF
MUSE_cloud,0.6311525713120189,DIFF
MUSE_cloud,0.5726449818987596,DIFF
MUSE_cloud,0.6755029696684617,DIFF
MUSE_cloud,0.6077748388051987,DIFF
MUSE_cloud,0.27323807068169115,DIFF
MUSE_cloud,0.7683112214912068,DIFF
MUSE_cloud,0.7181183509528637,DIFF
MUSE_cloud,0.6048203051090241,DIFF
MUSE_cloud,0.4821347087621689,DIFF
MUSE_cloud,0.6672489325205485,DIFF
MUSE_cloud,0.5424686555158008,DIFF
MUSE_cloud,0.6789846203543923,DIFF
MUSE_cloud,0.6235742308199406,DIFF
MUSE_cloud,0.3866272196173668,DIFF
MUSE_cloud,0.5643675532191992,DIFF
MUSE_cloud,0.5467324495315552,DIFF
MUSE_cloud,0.6195422840469024,DIFF
MUSE_cloud,0.7481021718545393,DIFF
MUSE_cloud,0.6619635528096786,DIFF
MUSE_cloud,0.5653829289709821,DIFF
MUSE_cloud,0.7699463566144308,DIFF
MUSE_cloud,0.5926528136645045,DIFF
MUSE_cloud,0.37237843374411267,DIFF
MUSE_cloud,0.622034337903772,DIFF
MUSE_cloud,0.5972835698298046,DIFF
MUSE_cloud,0.5448428869247437,DIFF
MUSE_cloud,0.5670866996049881,DIFF
MUSE_cloud,0.8252778649330139,DIFF
MUSE_cloud,0.7513753175735474,DIFF
MUSE_cloud,0.7298866552965981,DIFF
MUSE_cloud,0.6299677491188049,DIFF
MUSE_cloud,0.5685963124036789,DIFF
MUSE_cloud,0.791449411348863,DIFF
MUSE_cloud,0.9094030559062958,DIFF
MUSE_cloud,0.6798533929718865,DIFF
MUSE_cloud,0.7698246708346738,DIFF
MUSE_cloud,0.5710884733125567,DIFF
MUSE_cloud,0.5708859887193231,DIFF
MUSE_cloud,0.5932024852796034,DIFF
MUSE_cloud,0.5355888601569903,DIFF
MUSE_cloud,0.8439084167281786,DIFF
MUSE_cloud,0.3168246125181516,DIFF
MUSE_cloud,0.6691070313637073,DIFF
MUSE_bw_0.001,0.8000508404296245,SAME
MUSE_bw_0.001,0.7999618648307606,SAME
MUSE_bw_0.001,0.75,SAME
MUSE_bw_0.001,0.7498808531629132,SAME
MUSE_bw_0.001,0.9090909090909091,SAME
MUSE_bw_0.001,0.6362459465677744,SAME
MUSE_bw_0.001,0.9230543555709819,SAME
MUSE_bw_0.001,0.857103940524661,SAME
MUSE_bw_0.001,0.6666454725565947,SAME
MUSE_bw_0.001,0.9167014348130171,SAME
MUSE_bw_0.001,0.6667089993712417,SAME
MUSE_bw_0.001,0.8001016364459749,SAME
MUSE_bw_0.001,0.9230430781477045,SAME
MUSE_bw_0.001,0.8,SAME
MUSE_bw_0.001,0.7998474229559098,SAME
MUSE_bw_0.001,0.7272727272727273,SAME
MUSE_bw_0.001,0.7272727272727273,SAME
MUSE_bw_0.001,0.6667372813662132,SAME
MUSE_bw_0.001,0.8888418210259352,SAME
MUSE_bw_0.001,0.888794795825181,SAME
MUSE_bw_0.001,0.5002383568150038,SAME
MUSE_bw_0.001,0.8889830418216176,SAME
MUSE_bw_0.001,0.7271782098359632,SAME
MUSE_bw_0.001,0.799987304934612,SAME
MUSE_bw_0.001,0.7999618648307606,SAME
MUSE_bw_0.001,0.9231446107012232,SAME
MUSE_bw_0.001,0.8,SAME
MUSE_bw_0.001,0.8569092927983171,SAME
MUSE_bw_0.001,1.0,SAME
MUSE_bw_0.001,0.8571720522489632,SAME
MUSE_bw_0.001,1.0,SAME
MUSE_bw_0.001,0.75,SAME
MUSE_bw_0.001,0.8799602947282361,SAME
MUSE_bw_0.001,0.7057635294048987,SAME
MUSE_bw_0.001,0.9090909090909091,SAME
MUSE_bw_0.001,0.8334524385460823,SAME
MUSE_bw_0.001,0.6154974066310123,SAME
MUSE_bw_0.001,0.8333333333333334,SAME
MUSE_bw_0.001,0.8888653481622247,SAME
MUSE_bw_0.001,0.714382943911003,SAME
MUSE_bw_0.001,1.0,SAME
MUSE_bw_0.001,0.0,DIFF
MUSE_bw_0.001,0.33334657933629896,DIFF
MUSE_bw_0.001,0.4996423847790659,DIFF
MUSE_bw_0.001,0.5721024126404464,DIFF
MUSE_bw_0.001,0.09523375371559578,DIFF
MUSE_bw_0.001,0.48296596510640905,DIFF
MUSE_bw_0.001,0.8332803875946068,DIFF
MUSE_bw_0.001,0.31589239985488493,DIFF
MUSE_bw_0.001,0.17399050532020882,DIFF
MUSE_bw_0.001,0.47054531149353235,DIFF
MUSE_bw_0.001,0.46157232228222494,DIFF
MUSE_bw_0.001,0.5000397197166965,DIFF
MUSE_bw_0.001,0.3635260572076588,DIFF
MUSE_bw_0.001,0.1818812092168322,DIFF
MUSE_bw_0.001,0.4442757405790819,DIFF
MUSE_bw_0.001,0.6666666666666666,DIFF
MUSE_bw_0.001,0.2857531970324426,DIFF
MUSE_bw_0.001,0.37051677163760854,DIFF
MUSE_bw_0.001,0.0,DIFF
MUSE_bw_0.001,0.34801856333961734,DIFF
MUSE_bw_0.001,0.6873957216686823,DIFF
MUSE_bw_0.001,0.3636993643439865,DIFF
MUSE_bw_0.001,0.09530512881665514,DIFF
MUSE_bw_0.001,0.3845814896106787,DIFF
MUSE_bw_0.001,0.11757109180051675,DIFF
MUSE_bw_0.001,0.24006087462615425,DIFF
MUSE_bw_0.001,0.1333968184369523,DIFF
MUSE_bw_0.001,0.09535050615309462,DIFF
MUSE_bw_0.001,0.35325799468326574,DIFF
MUSE_bw_0.001,0.47104373350459183,DIFF
MUSE_bw_0.001,0.4444915209108088,DIFF
MUSE_bw_0.001,0.15384615384615385,DIFF
MUSE_bw_0.001,0.5558350873867393,DIFF
MUSE_bw_0.001,0.2857142857142857,DIFF
MUSE_bw_0.001,0.5883507476646945,DIFF
MUSE_bw_0.001,0.5714674995626424,DIFF
MUSE_bw_0.001,0.4517637108806064,DIFF
MUSE_bw_0.001,0.4615723053506116,DIFF
MUSE_bw_0.001,0.5836575694398286,DIFF
MUSE_bw_0.001,0.5453757551483277,DIFF
MUSE_bw_0.001,0.20001906576692907,DIFF
MUSE_bw_0.001,0.28595417710775245,DIFF
MUSE_bw_0.001,0.0,DIFF
MUSE_bw_0.001,0.22237908746129068,DIFF
MUSE_bw_0.001,0.0,DIFF
MUSE_bw_0.001,0.3752901935387121,DIFF
MUSE_bw_0.001,0.3529081765587635,DIFF
MUSE_bw_0.001,0.6666666534085582,DIFF
MUSE_bw_0.001,0.4444444444444444,DIFF
MUSE_bw_0.001,0.24999227407362862,DIFF
MUSE_bw_0.001,0.33349229521859863,DIFF
MUSE_bw_0.001,0.30788405357308085,DIFF
MUSE_bw_0.001,0.31603207357665536,DIFF
MUSE_bw_0.001,0.4,DIFF
MUSE_bw_0.001,0.2857239344267658,DIFF
MUSE_bw_0.001,0.6666666666666666,DIFF
MUSE_bw_0.001,0.3810561658797048,DIFF
MUSE_bw_0.001,0.33339952087427327,DIFF
MUSE_bw_0.001,0.11109616336363815,DIFF
MUSE_bw_0.001,0.12512651584455545,DIFF
MUSE_bw_0.001,0.4444444444444444,DIFF
MUSE_bw_0.001,0.47061463606419646,DIFF
MUSE_bw_0.001,0.6667514061012775,DIFF
MUSE_bw_0.001,0.40030510314792234,DIFF
MUSE_bw_0.001,0.2727863468925053,DIFF
MUSE_bw_0.001,0.34793733733939913,DIFF
MUSE_bw_0.001,0.1111670145309459,DIFF
MUSE_bw_0.001,0.4285860261244816,DIFF
MUSE_bw_0.001,0.3685048545366292,DIFF
MUSE_bw_0.001,0.5332909505546867,DIFF
MUSE_bw_0.001,0.13343076827297207,DIFF
MUSE_bw_0.001,0.1334265703477664,DIFF
MUSE_bw_0.001,0.444632715896259,DIFF
MUSE_bw_0.001,0.42864436787407395,DIFF
MUSE_bw_0.001,0.5000099772114132,DIFF
MUSE_bw_0.001,0.4286589557933801,DIFF
MUSE_bw_0.001,0.3158205443538748,DIFF
MUSE_bw_0.001,0.46153846153846156,DIFF
MUSE_bw_0.001,0.428736689082722,DIFF
MUSE_bw_0.001,0.0,DIFF
MUSE_bw_0.001,0.5454545454545454,DIFF
MUSE_bw_0.001,0.6113072243324638,DIFF
MUSE_bw_0.001,0.39984745365497665,DIFF
MUSE_bw_0.001,0.20003811608848046,DIFF
MUSE_bw_0.001,0.4001271461153847,DIFF
MUSE_bw_0.001,0.36368364365522743,DIFF
MUSE_bw_0.001,0.3637624184336644,DIFF
MUSE_bw_0.001,0.4001333808004671,DIFF
MUSE_bw_0.001,0.0909859127615067,DIFF
MUSE_bw_0.001,0.25011904242955446,DIFF
MUSE_bw_0.001,0.4,DIFF
MUSE_bw_0.001,0.42087564393357324,DIFF
MUSE_bw_0.001,0.545297016393272,DIFF
MUSE_bw_0.001,0.533367226953083,DIFF
MUSE_bw_0.001,0.21068747000219262,DIFF
MUSE_bw_0.001,0.6666666666666666,DIFF
MUSE_bw_0.001,0.37502235307413784,DIFF
MUSE_bw_0.001,0.1334053767694015,DIFF
MUSE_bw_0.001,0.37485110193510845,DIFF
MUSE_bw_0.001,0.35725705067628083,DIFF
MUSE_bw_0.001,0.20692372811948004,DIFF
MUSE_bw_0.001,0.4,DIFF
MUSE_bw_0.001,0.5000993210636249,DIFF
MUSE_bw_0.001,0.5334095673281934,DIFF
MUSE_bw_0.001,0.4348078979135336,DIFF
MUSE_bw_0.001,0.16667990657223217,DIFF
MUSE_bw_0.001,0.33315678157067885,DIFF
MUSE_bw_0.001,0.7272490804048369,DIFF
MUSE_bw_0.001,0.7500893729124338,DIFF
MUSE_bw_0.001,0.4444444444444444,DIFF
MUSE_bw_0.001,0.5453796169134257,DIFF
MUSE_bw_0.001,0.37500371905825514,DIFF
MUSE_bw_0.001,0.3524235040175591,DIFF
MUSE_bw_0.001,0.36341580126865297,DIFF
MUSE_bw_0.001,0.4828946511513188,DIFF
MUSE_bw_0.001,0.714382943911003,DIFF
MUSE_bw_0.001,0.0,DIFF
MUSE_bw_0.001,0.4616342929640292,DIFF
MUSE_bw_0.01,0.8000050862953586,SAME
MUSE_bw_0.01,0.7999961852299734,SAME
MUSE_bw_0.01,0.75,SAME
MUSE_bw_0.01,0.7499880785025836,SAME
MUSE_bw_0.01,0.9090909090909091,SAME
MUSE_bw_0.01,0.6363518549543203,SAME
MUSE_bw_0.01,0.9230746657933688,SAME
MUSE_bw_0.01,0.8571389644885605,SAME
MUSE_bw_0.01,0.6666645473769339,SAME
MUSE_bw_0.01,0.916670143956625,SAME
MUSE_bw_0.01,0.6666709053269787,SAME
MUSE_bw_0.01,0.8000101726553936,SAME
MUSE_bw_0.01,0.9230735371019115,SAME
MUSE_bw_0.01,0.8,SAME
MUSE_bw_0.01,0.7999847400466955,SAME
MUSE_bw_0.01,0.7272727272727273,SAME
MUSE_bw_0.01,0.7272727272727273,SAME
MUSE_bw_0.01,0.6666737309957186,SAME
MUSE_bw_0.01,0.8888841791864686,SAME
MUSE_bw_0.01,0.8888794690847681,SAME
MUSE_bw_0.01,0.5000238452690032,SAME
MUSE_bw_0.01,0.8888983079942915,SAME
MUSE_bw_0.01,0.727263269017619,SAME
MUSE_bw_0.01,0.7999987283857366,SAME
MUSE_bw_0.01,0.7999961852299734,SAME
MUSE_bw_0.01,0.9230836947785508,SAME
MUSE_bw_0.01,0.8,SAME
MUSE_bw_0.01,0.8571194980345647,SAME
MUSE_bw_0.01,1.0,SAME
MUSE_bw_0.01,0.8571457765639733,SAME
MUSE_bw_0.01,1.0,SAME
MUSE_bw_0.01,0.75,SAME
MUSE_bw_0.01,0.8799960322683408,SAME
MUSE_bw_0.01,0.7058704728945615,SAME
MUSE_bw_0.01,0.9090909090909091,SAME
MUSE_bw_0.01,0.8333452545465123,SAME
MUSE_bw_0.01,0.6153959016781895,SAME
MUSE_bw_0.01,0.8333333333333334,SAME
MUSE_bw_0.01,0.8888865340875856,SAME
MUSE_bw_0.01,0.714295445788871,SAME
MUSE_bw_0.01,1.0,SAME
MUSE_bw_0.01,0.0,DIFF
MUSE_bw_0.01,0.3333346578862583,DIFF
MUSE_bw_0.01,0.49996423465499795,DIFF
MUSE_bw_0.01,0.5714960502320519,DIFF
MUSE_bw_0.01,0.0952376627140762,DIFF
MUSE_bw_0.01,0.482779374201683,DIFF
MUSE_bw_0.01,0.8333280349742563,DIFF
MUSE_bw_0.01,0.3157997773644188,DIFF
MUSE_bw_0.01,0.17392079636241312,DIFF
MUSE_bw_0.01,0.470583945193048,DIFF
MUSE_bw_0.01,0.4615418473892754,DIFF
MUSE_bw_0.01,0.500003973674565,DIFF
MUSE_bw_0.01,0.3636253291967426,DIFF
MUSE_bw_0.01,0.18182448732158735,DIFF
MUSE_bw_0.01,0.44442756815980106,DIFF
MUSE_bw_0.01,0.6666666666666666,DIFF
MUSE_bw_0.01,0.2857181783155484,DIFF
MUSE_bw_0.01,0.370385023295482,DIFF
MUSE_bw_0.01,0.0,DIFF
MUSE_bw_0.01,0.3478453794571081,DIFF
MUSE_bw_0.01,0.687489568441041,DIFF
MUSE_bw_0.01,0.3636426690304328,DIFF
MUSE_bw_0.01,0.09524479954307609,DIFF
MUSE_bw_0.01,0.3846119986900532,DIFF
MUSE_bw_0.01,0.1176394684317984,DIFF
MUSE_bw_0.01,0.24000610415597645,DIFF
MUSE_bw_0.01,0.133339691768497,DIFF
MUSE_bw_0.01,0.09524934170534197,DIFF
MUSE_bw_0.01,0.3529728584611297,DIFF
MUSE_bw_0.01,0.4706337784749126,DIFF
MUSE_bw_0.01,0.44444915399714574,DIFF
MUSE_bw_0.01,0.15384615384615385,DIFF
MUSE_bw_0.01,0.5555835196359239,DIFF
MUSE_bw_0.01,0.2857142857142857,DIFF
MUSE_bw_0.01,0.5882468440333766,DIFF
MUSE_bw_0.01,0.5714324640033177,DIFF
MUSE_bw_0.01,0.45162798888801237,DIFF
MUSE_bw_0.01,0.4615418473892754,DIFF
MUSE_bw_0.01,0.5833657881040999,DIFF
MUSE_bw_0.01,0.545446663711959,DIFF
MUSE_bw_0.01,0.20000190736682288,DIFF
MUSE_bw_0.01,0.2857382917785549,DIFF
MUSE_bw_0.01,0.0,DIFF
MUSE_bw_0.01,0.22223792217305155,DIFF
MUSE_bw_0.01,0.0,DIFF
MUSE_bw_0.01,0.37502905951603477,DIFF
MUSE_bw_0.01,0.35293787648540914,DIFF
MUSE_bw_0.01,0.6666666666666666,DIFF
MUSE_bw_0.01,0.4444444444444444,DIFF
MUSE_bw_0.01,0.24999925487310012,DIFF
MUSE_bw_0.01,0.3333492286632218,DIFF
MUSE_bw_0.01,0.307711495235953,DIFF
MUSE_bw_0.01,0.31581378126583826,DIFF
MUSE_bw_0.01,0.4,DIFF
MUSE_bw_0.01,0.2857152589010631,DIFF
MUSE_bw_0.01,0.6666666666666666,DIFF
MUSE_bw_0.01,0.38096276185885236,DIFF
MUSE_bw_0.01,0.3333399562032263,DIFF
MUSE_bw_0.01,0.11110963920042467,DIFF
MUSE_bw_0.01,0.12501266727056265,DIFF
MUSE_bw_0.01,0.4444444444444444,DIFF
MUSE_bw_0.01,0.4705908752378309,DIFF
MUSE_bw_0.01,0.6666751438794947,DIFF
MUSE_bw_0.01,0.4000305199066091,DIFF
MUSE_bw_0.01,0.27273318434173177,DIFF
MUSE_bw_0.01,0.3478372659277143,DIFF
MUSE_bw_0.01,0.11111670392718478,DIFF
MUSE_bw_0.01,0.42857288828198664,DIFF
MUSE_bw_0.01,0.36842944051563736,DIFF
MUSE_bw_0.01,0.5333290945113189,DIFF
MUSE_bw_0.01,0.13334308271694975,DIFF
MUSE_bw_0.01,0.13334265880105853,DIFF
MUSE_bw_0.01,0.44446328325412554,DIFF
MUSE_bw_0.01,0.42857872722365553,DIFF
MUSE_bw_0.01,0.5000009934443008,DIFF
MUSE_bw_0.01,0.42858018698393247,DIFF
MUSE_bw_0.01,0.31579264412692554,DIFF
MUSE_bw_0.01,0.46153846153846156,DIFF
MUSE_bw_0.01,0.4285879728029961,DIFF
MUSE_bw_0.01,0.0,DIFF
MUSE_bw_0.01,0.5454545454545454,DIFF
MUSE_bw_0.01,0.6111307600515723,DIFF
MUSE_bw_0.01,0.39998474033777265,DIFF
MUSE_bw_0.01,0.2000038147700266,DIFF
MUSE_bw_0.01,0.4000127160617848,DIFF
MUSE_bw_0.01,0.36364109266141537,DIFF
MUSE_bw_0.01,0.3636489746431747,DIFF
MUSE_bw_0.01,0.4000133526820054,DIFF
MUSE_bw_0.01,0.09091677612449658,DIFF
MUSE_bw_0.01,0.25001192149741636,DIFF
MUSE_bw_0.01,0.4,DIFF
MUSE_bw_0.01,0.4210349306513057,DIFF
MUSE_bw_0.01,0.5454387816960317,DIFF
MUSE_bw_0.01,0.5333367241969057,DIFF
MUSE_bw_0.01,0.21054243174143367,DIFF
MUSE_bw_0.01,0.6666666666666666,DIFF
MUSE_bw_0.01,0.3750022351875018,DIFF
MUSE_bw_0.01,0.13334053926203238,DIFF
MUSE_bw_0.01,0.3749850984835263,DIFF
MUSE_bw_0.01,0.3571542926328058,DIFF
MUSE_bw_0.01,0.20689927343354889,DIFF
MUSE_bw_0.01,0.4,DIFF
MUSE_bw_0.01,0.5000099343048394,DIFF
MUSE_bw_0.01,0.533340963018914,DIFF
MUSE_bw_0.01,0.43478513290096005,DIFF
MUSE_bw_0.01,0.16666799122485498,DIFF
MUSE_bw_0.01,0.33331567138777535,DIFF
MUSE_bw_0.01,0.7272703627704514,DIFF
MUSE_bw_0.01,0.7500089408032989,DIFF
MUSE_bw_0.01,0.4444444444444444,DIFF
MUSE_bw_0.01,0.5454470571985547,DIFF
MUSE_bw_0.01,0.3750003725412427,DIFF
MUSE_bw_0.01,0.3528893639419399,DIFF
MUSE_bw_0.01,0.36361429437444426,DIFF
MUSE_bw_0.01,0.4827722293485981,DIFF
MUSE_bw_0.01,0.714295445788871,DIFF
MUSE_bw_0.01,0.0,DIFF
MUSE_bw_0.01,0.4615480550639469,DIFF
MUSE_bw_0.1,0.8000006612143188,SAME
MUSE_bw_0.1,0.7999996185295458,SAME
MUSE_bw_0.1,0.75,SAME
MUSE_bw_0.1,0.7499988079014202,SAME
MUSE_bw_0.1,0.9090909090909091,SAME
MUSE_bw_0.1,0.6363624856263255,SAME
MUSE_bw_0.1,0.923076697354529,SAME
MUSE_bw_0.1,0.8571424678869735,SAME
MUSE_bw_0.1,0.6666664547389061,SAME
MUSE_bw_0.1,0.9166670309208922,SAME
MUSE_bw_0.1,0.6666670905229963,SAME
MUSE_bw_0.1,0.8000010808317509,SAME
MUSE_bw_0.1,0.9230765844928353,SAME
MUSE_bw_0.1,0.8,SAME
MUSE_bw_0.1,0.7999984741094521,SAME
MUSE_bw_0.1,0.7272727272727273,SAME
MUSE_bw_0.1,0.7272727272727273,SAME
MUSE_bw_0.1,0.6666673730928347,SAME
MUSE_bw_0.1,0.888888417936613,SAME
MUSE_bw_0.1,0.8888879469803448,SAME
MUSE_bw_0.1,0.5000023842198975,SAME
MUSE_bw_0.1,0.8888898307904464,SAME
MUSE_bw_0.1,0.7272717814767369,SAME
MUSE_bw_0.1,0.8,SAME
MUSE_bw_0.1,0.7999996185295458,SAME
MUSE_bw_0.1,0.9230776002426149,SAME
MUSE_bw_0.1,0.8,SAME
MUSE_bw_0.1,0.8571405215757355,SAME
MUSE_bw_0.1,1.0,SAME
MUSE_bw_0.1,0.8571431490840739,SAME
MUSE_bw_0.1,1.0,SAME
MUSE_bw_0.1,0.75,SAME
MUSE_bw_0.1,0.8799996032670198,SAME
MUSE_bw_0.1,0.7058812474678473,SAME
MUSE_bw_0.1,0.9090909090909091,SAME
MUSE_bw_0.1,0.833334525429071,SAME
MUSE_bw_0.1,0.6153857439953437,SAME
MUSE_bw_0.1,0.8333333333333334,SAME
MUSE_bw_0.1,0.88888865341325,SAME
MUSE_bw_0.1,0.7142866874240976,SAME
MUSE_bw_0.1,1.0,SAME
MUSE_bw_0.1,1.4503214625093134e-07,DIFF
MUSE_bw_0.1,0.33333346578815215,DIFF
MUSE_bw_0.1,0.49999642369573377,DIFF
MUSE_bw_0.1,0.5714353445416959,DIFF
MUSE_bw_0.1,0.09523805766403008,DIFF
MUSE_bw_0.1,0.48276090000082544,DIFF
MUSE_bw_0.1,0.8333328035125844,DIFF
MUSE_bw_0.1,0.31648832311789354,DIFF
MUSE_bw_0.1,0.1739139079245859,DIFF
MUSE_bw_0.1,0.4705878063035049,DIFF
MUSE_bw_0.1,0.46153880012130744,DIFF
MUSE_bw_0.1,0.5000003973646143,DIFF
MUSE_bw_0.1,0.36363526020962145,DIFF
MUSE_bw_0.1,0.1818188123488421,DIFF
MUSE_bw_0.1,0.444442937399078,DIFF
MUSE_bw_0.1,0.6666668521032804,DIFF
MUSE_bw_0.1,0.28571467496963904,DIFF
MUSE_bw_0.1,0.37037198600390925,DIFF
MUSE_bw_0.1,1.1696200281758763e-16,DIFF
MUSE_bw_0.1,0.34782804751419727,DIFF
MUSE_bw_0.1,0.6874989774004684,DIFF
MUSE_bw_0.1,0.3636369941659306,DIFF
MUSE_bw_0.1,0.09523876562612044,DIFF
MUSE_bw_0.1,0.3846152012159529,DIFF
MUSE_bw_0.1,0.11764643307296697,DIFF
MUSE_bw_0.1,0.24053095420884732,DIFF
MUSE_bw_0.1,0.1333339691222743,DIFF
MUSE_bw_0.1,0.09523921976530615,DIFF
MUSE_bw_0.1,0.352944484661189,DIFF
MUSE_bw_0.1,0.4705927760156449,DIFF
MUSE_bw_0.1,0.4444449153952232,DIFF
MUSE_bw_0.1,0.15384615384615385,DIFF
MUSE_bw_0.1,0.5555583518369158,DIFF
MUSE_bw_0.1,0.2857142857142857,DIFF
MUSE_bw_0.1,0.58823659758481,DIFF
MUSE_bw_0.1,0.5714289606836596,DIFF
MUSE_bw_0.1,0.4516144255476569,DIFF
MUSE_bw_0.1,0.4615388988745573,DIFF
MUSE_bw_0.1,0.5833365785086319,DIFF
MUSE_bw_0.1,0.5454537572925867,DIFF
MUSE_bw_0.1,0.20000019073504519,DIFF
MUSE_bw_0.1,0.2857167996728052,DIFF
MUSE_bw_0.1,2.9206765023824064e-11,DIFF
MUSE_bw_0.1,0.22222384897941336,DIFF
MUSE_bw_0.1,2.3468808229499767e-09,DIFF
MUSE_bw_0.1,0.3750029057489483,DIFF
MUSE_bw_0.1,0.3529408464787348,DIFF
MUSE_bw_0.1,0.6666666666666666,DIFF
MUSE_bw_0.1,0.4444444444444444,DIFF
MUSE_bw_0.1,0.25000004470389126,DIFF
MUSE_bw_0.1,0.3333349227981065,DIFF
MUSE_bw_0.1,0.3076942263389909,DIFF
MUSE_bw_0.1,0.3157919041349089,DIFF
MUSE_bw_0.1,0.4,DIFF
MUSE_bw_0.1,0.2857146214482858,DIFF
MUSE_bw_0.1,0.6666666666666666,DIFF
MUSE_bw_0.1,0.38095357683844205,DIFF
MUSE_bw_0.1,0.33343746947739417,DIFF
MUSE_bw_0.1,0.11111096393723831,DIFF
MUSE_bw_0.1,0.12500124798470957,DIFF
MUSE_bw_0.1,0.4444444444444444,DIFF
MUSE_bw_0.1,0.47058849928715607,DIFF
MUSE_bw_0.1,0.666667514378248,DIFF
MUSE_bw_0.1,0.40000305178109574,DIFF
MUSE_bw_0.1,0.273330525176483,DIFF
MUSE_bw_0.1,0.3478272047013704,DIFF
MUSE_bw_0.1,0.11111167036738316,DIFF
MUSE_bw_0.1,0.4285715745420369,DIFF
MUSE_bw_0.1,0.368421882146309,DIFF
MUSE_bw_0.1,0.5333330006048876,DIFF
MUSE_bw_0.1,0.1333343082075401,DIFF
MUSE_bw_0.1,0.13333440357515872,DIFF
MUSE_bw_0.1,0.4444463282535479,DIFF
MUSE_bw_0.1,0.4285721584254647,DIFF
MUSE_bw_0.1,0.5000002483534021,DIFF
MUSE_bw_0.1,0.4285723043965702,DIFF
MUSE_bw_0.1,0.3157897906984051,DIFF
MUSE_bw_0.1,0.46153846153846156,DIFF
MUSE_bw_0.1,0.42857308291344187,DIFF
MUSE_bw_0.1,1.7318382083921383e-09,DIFF
MUSE_bw_0.1,0.5454545454545454,DIFF
MUSE_bw_0.1,0.6111133304800608,DIFF
MUSE_bw_0.1,0.39999847411236256,DIFF
MUSE_bw_0.1,0.20000038147045415,DIFF
MUSE_bw_0.1,0.4000012715697974,DIFF
MUSE_bw_0.1,0.36363683653333384,DIFF
MUSE_bw_0.1,0.3636376246976842,DIFF
MUSE_bw_0.1,0.4000013351564577,DIFF
MUSE_bw_0.1,0.09091005641376836,DIFF
MUSE_bw_0.1,0.25000119209857985,DIFF
MUSE_bw_0.1,0.4,DIFF
MUSE_bw_0.1,0.42105086159013483,DIFF
MUSE_bw_0.1,0.5454529691278948,DIFF
MUSE_bw_0.1,0.5333336724177503,DIFF
MUSE_bw_0.1,0.21059322142367862,DIFF
MUSE_bw_0.1,0.6666666666666666,DIFF
MUSE_bw_0.1,0.37500022351755113,DIFF
MUSE_bw_0.1,0.1333340538911553,DIFF
MUSE_bw_0.1,0.3749987520249606,DIFF
MUSE_bw_0.1,0.35714411006898095,DIFF
MUSE_bw_0.1,0.20689697469995336,DIFF
MUSE_bw_0.1,0.4,DIFF
MUSE_bw_0.1,0.5011058670398931,DIFF
MUSE_bw_0.1,0.5333340962756968,DIFF
MUSE_bw_0.1,0.434782996299451,DIFF
MUSE_bw_0.1,0.1666667991215381,DIFF
MUSE_bw_0.1,0.33336610288207785,DIFF
MUSE_bw_0.1,0.7272724908243446,DIFF
MUSE_bw_0.1,0.7500008940707374,DIFF
MUSE_bw_0.1,0.4444444444444444,DIFF
MUSE_bw_0.1,0.5454538203396969,DIFF
MUSE_bw_0.1,0.37499997019758524,DIFF
MUSE_bw_0.1,0.3529359955708785,DIFF
MUSE_bw_0.1,0.36363437352396716,DIFF
MUSE_bw_0.1,0.48275998147096666,DIFF
MUSE_bw_0.1,0.7142866874240976,DIFF
MUSE_bw_0.1,1.205786839331299e-12,DIFF
MUSE_bw_0.1,0.46153942085934,DIFF
MUSE_bw_0.5,0.8052456626755663,SAME
MUSE_bw_0.5,0.8000154873245451,SAME
MUSE_bw_0.5,0.7500972747802734,SAME
MUSE_bw_0.5,0.7499997615811935,SAME
MUSE_bw_0.5,0.9091227160319636,SAME
MUSE_bw_0.5,0.6434683979349073,SAME
MUSE_bw_0.5,0.9231372675501514,SAME
MUSE_bw_0.5,0.8571428376801133,SAME
MUSE_bw_0.5,0.6666721766738888,SAME
MUSE_bw_0.5,0.9182370212499842,SAME
MUSE_bw_0.5,0.667546076000821,SAME
MUSE_bw_0.5,0.8051428398205296,SAME
MUSE_bw_0.5,0.9230771826560386,SAME
MUSE_bw_0.5,0.8000536011752215,SAME
MUSE_bw_0.5,0.7999998728433234,SAME
MUSE_bw_0.5,0.7273127811165373,SAME
MUSE_bw_0.5,0.7272884974316688,SAME
MUSE_bw_0.5,0.6666712230765844,SAME
MUSE_bw_0.5,0.8888902664013789,SAME
MUSE_bw_0.5,0.8888887005084576,SAME
MUSE_bw_0.5,0.4974880102571827,SAME
MUSE_bw_0.5,0.8888911494085527,SAME
MUSE_bw_0.5,0.7272755646429869,SAME
MUSE_bw_0.5,0.8050942145184296,SAME
MUSE_bw_0.5,0.8000001525877742,SAME
MUSE_bw_0.5,0.9233940866948882,SAME
MUSE_bw_0.5,0.8000028609827047,SAME
MUSE_bw_0.5,0.8571423997669757,SAME
MUSE_bw_0.5,1.0000000929153963,SAME
MUSE_bw_0.5,0.85778175173547,SAME
MUSE_bw_0.5,1.0,SAME
MUSE_bw_0.5,0.7503118831946911,SAME
MUSE_bw_0.5,0.8801722180194631,SAME
MUSE_bw_0.5,0.7104127609117042,SAME
MUSE_bw_0.5,0.9098276211386919,SAME
MUSE_bw_0.5,0.8334332372153941,SAME
MUSE_bw_0.5,0.6157115511563009,SAME
MUSE_bw_0.5,0.8342227702409395,SAME
MUSE_bw_0.5,0.8889149969333348,SAME
MUSE_bw_0.5,0.7144691052110078,SAME
MUSE_bw_0.5,1.0,SAME
MUSE_bw_0.5,0.010456927697759641,DIFF
MUSE_bw_0.5,0.3345496082147938,DIFF
MUSE_bw_0.5,0.5000018477371597,DIFF
MUSE_bw_0.5,0.5750952938984568,DIFF
MUSE_bw_0.5,0.10239056638995474,DIFF
MUSE_bw_0.5,0.4942853795230805,DIFF
MUSE_bw_0.5,0.8344314995261218,DIFF
MUSE_bw_0.5,0.3546581125216603,DIFF
MUSE_bw_0.5,0.18008134888667568,DIFF
MUSE_bw_0.5,0.4709917222829837,DIFF
MUSE_bw_0.5,0.46322170212663233,DIFF
MUSE_bw_0.5,0.5005568784298396,DIFF
MUSE_bw_0.5,0.3643239184316239,DIFF
MUSE_bw_0.5,0.18345401382268833,DIFF
MUSE_bw_0.5,0.4532912589173635,DIFF
MUSE_bw_0.5,0.6742563893841603,DIFF
MUSE_bw_0.5,0.28644297094153565,DIFF
MUSE_bw_0.5,0.38239292637242,DIFF
MUSE_bw_0.5,0.00039393386974455856,DIFF
MUSE_bw_0.5,0.3487397410936383,DIFF
MUSE_bw_0.5,0.6875931190698796,DIFF
MUSE_bw_0.5,0.36363683653288287,DIFF
MUSE_bw_0.5,0.09519013032379496,DIFF
MUSE_bw_0.5,0.3952720624018968,DIFF
MUSE_bw_0.5,0.126169147451576,DIFF
MUSE_bw_0.5,0.2717406314660997,DIFF
MUSE_bw_0.5,0.134348182205345,DIFF
MUSE_bw_0.5,0.09589213660470552,DIFF
MUSE_bw_0.5,0.3614881421876545,DIFF
MUSE_bw_0.5,0.47098633131339224,DIFF
MUSE_bw_0.5,0.44444722304461726,DIFF
MUSE_bw_0.5,0.15632470123719255,DIFF
MUSE_bw_0.5,0.5565683832356476,DIFF
MUSE_bw_0.5,0.2862260457429704,DIFF
MUSE_bw_0.5,0.59465954168189,DIFF
MUSE_bw_0.5,0.5713945180588859,DIFF
MUSE_bw_0.5,0.4516562481563595,DIFF
MUSE_bw_0.5,0.4717481055379272,DIFF
MUSE_bw_0.5,0.5845168249149795,DIFF
MUSE_bw_0.5,0.5463865588106985,DIFF
MUSE_bw_0.5,0.20016680537314985,DIFF
MUSE_bw_0.5,0.29445336539745676,DIFF
MUSE_bw_0.5,0.004101706874985908,DIFF
MUSE_bw_0.5,0.22862798600852655,DIFF
MUSE_bw_0.5,0.006860378417925612,DIFF
MUSE_bw_0.5,0.37520995125693385,DIFF
MUSE_bw_0.5,0.3524762349988665,DIFF
MUSE_bw_0.5,0.6666666666666666,DIFF
MUSE_bw_0.5,0.44732427980897105,DIFF
MUSE_bw_0.5,0.2571520023896118,DIFF
MUSE_bw_0.5,0.33468910896555487,DIFF
MUSE_bw_0.5,0.30955869855623436,DIFF
MUSE_bw_0.5,0.31668429414892246,DIFF
MUSE_bw_0.5,0.40000027656544623,DIFF
MUSE_bw_0.5,0.29570089050296816,DIFF
MUSE_bw_0.5,0.6667590419124473,DIFF
MUSE_bw_0.5,0.3892649361621743,DIFF
MUSE_bw_0.5,0.3713933967338794,DIFF
MUSE_bw_0.5,0.11092042224168558,DIFF
MUSE_bw_0.5,0.13125431355024006,DIFF
MUSE_bw_0.5,0.44447765660108746,DIFF
MUSE_bw_0.5,0.47167036850798694,DIFF
MUSE_bw_0.5,0.6688481958549387,DIFF
MUSE_bw_0.5,0.40016490566179286,DIFF
MUSE_bw_0.5,0.3054390784237567,DIFF
MUSE_bw_0.5,0.3492911221622471,DIFF
MUSE_bw_0.5,0.11243398168848494,DIFF
MUSE_bw_0.5,0.42870436276781443,DIFF
MUSE_bw_0.5,0.36925951678953567,DIFF
MUSE_bw_0.5,0.5387761074324587,DIFF
MUSE_bw_0.5,0.1374734408429849,DIFF
MUSE_bw_0.5,0.14152402626760505,DIFF
MUSE_bw_0.5,0.44444600446807253,DIFF
MUSE_bw_0.5,0.42860020783738767,DIFF
MUSE_bw_0.5,0.5083463014501776,DIFF
MUSE_bw_0.5,0.43056712803746466,DIFF
MUSE_bw_0.5,0.3167070984702734,DIFF
MUSE_bw_0.5,0.46159320102309176,DIFF
MUSE_bw_0.5,0.4282801343366067,DIFF
MUSE_bw_0.5,0.00752714989254873,DIFF
MUSE_bw_0.5,0.5460646096764142,DIFF
MUSE_bw_0.5,0.6247584686144536,DIFF
MUSE_bw_0.5,0.4001452151696934,DIFF
MUSE_bw_0.5,0.20002401555189356,DIFF
MUSE_bw_0.5,0.40382901933800674,DIFF
MUSE_bw_0.5,0.3639982413147368,DIFF
MUSE_bw_0.5,0.3638233686274549,DIFF
MUSE_bw_0.5,0.40065855944372775,DIFF
MUSE_bw_0.5,0.1016239269224473,DIFF
MUSE_bw_0.5,0.25056492875894243,DIFF
MUSE_bw_0.5,0.4000000858306762,DIFF
MUSE_bw_0.5,0.4215578709332302,DIFF
MUSE_bw_0.5,0.5455223211054385,DIFF
MUSE_bw_0.5,0.5357478246844679,DIFF
MUSE_bw_0.5,0.23174920255035694,DIFF
MUSE_bw_0.5,0.6685419107765149,DIFF
MUSE_bw_0.5,0.38032601476157657,DIFF
MUSE_bw_0.5,0.1333983475275534,DIFF
MUSE_bw_0.5,0.3881240007644332,DIFF
MUSE_bw_0.5,0.36538668589465667,DIFF
MUSE_bw_0.5,0.21829710310150624,DIFF
MUSE_bw_0.5,0.4010330452806992,DIFF
MUSE_bw_0.5,0.5615405180433669,DIFF
MUSE_bw_0.5,0.5340798950974931,DIFF
MUSE_bw_0.5,0.44274276998560236,DIFF
MUSE_bw_0.5,0.16695048241338076,DIFF
MUSE_bw_0.5,0.35043321455576554,DIFF
MUSE_bw_0.5,0.7274096565636609,DIFF
MUSE_bw_0.5,0.7501058460504498,DIFF
MUSE_bw_0.5,0.4445537206499715,DIFF
MUSE_bw_0.5,0.54551657951979,DIFF
MUSE_bw_0.5,0.37336603375322025,DIFF
MUSE_bw_0.5,0.35364505890819203,DIFF
MUSE_bw_0.5,0.37549088052444096,DIFF
MUSE_bw_0.5,0.4843166252066988,DIFF
MUSE_bw_0.5,0.7194490222018526,DIFF
MUSE_bw_0.5,0.0006562658308188011,DIFF
MUSE_bw_0.5,0.4615692882062592,DIFF
MUSE_bw_1.0,0.8247057227642366,SAME
MUSE_bw_1.0,0.8027288322460725,SAME
MUSE_bw_1.0,0.7549408342003451,SAME
MUSE_bw_1.0,0.750004008352871,SAME
MUSE_bw_1.0,0.9104723303136051,SAME
MUSE_bw_1.0,0.6832620453326783,SAME
MUSE_bw_1.0,0.924558905521707,SAME
MUSE_bw_1.0,0.8572324948842811,SAME
MUSE_bw_1.0,0.6680112810211318,SAME
MUSE_bw_1.0,0.9260033812852779,SAME
MUSE_bw_1.0,0.6785586965633595,SAME
MUSE_bw_1.0,0.821032137173157,SAME
MUSE_bw_1.0,0.9232059938457226,SAME
MUSE_bw_1.0,0.8022248722334526,SAME
MUSE_bw_1.0,0.800211204363535,SAME
MUSE_bw_1.0,0.7305958047810849,SAME
MUSE_bw_1.0,0.7290797534398514,SAME
MUSE_bw_1.0,0.6680428570552237,SAME
MUSE_bw_1.0,0.8891201027318387,SAME
MUSE_bw_1.0,0.8888946459577483,SAME
MUSE_bw_1.0,0.481724218642017,SAME
MUSE_bw_1.0,0.8893073475170118,SAME
MUSE_bw_1.0,0.7282005781869243,SAME
MUSE_bw_1.0,0.8206682901241543,SAME
MUSE_bw_1.0,0.8002507686231691,SAME
MUSE_bw_1.0,0.9278365769463528,SAME
MUSE_bw_1.0,0.8005161689971656,SAME
MUSE_bw_1.0,0.8571695161223973,SAME
MUSE_bw_1.0,1.0000000426072193,SAME
MUSE_bw_1.0,0.8657092188147503,SAME
MUSE_bw_1.0,1.0,SAME
MUSE_bw_1.0,0.7551444637716418,SAME
MUSE_bw_1.0,0.8822476710354553,SAME
MUSE_bw_1.0,0.7286391662200286,SAME
MUSE_bw_1.0,0.9138232637862437,SAME
MUSE_bw_1.0,0.8368862146152797,SAME
MUSE_bw_1.0,0.6269472182504232,SAME
MUSE_bw_1.0,0.8424324818037946,SAME
MUSE_bw_1.0,0.8903041091602664,SAME
MUSE_bw_1.0,0.7185512665869656,SAME
MUSE_bw_1.0,1.0,SAME
MUSE_bw_1.0,0.08597413548436068,DIFF
MUSE_bw_1.0,0.35451261832354236,DIFF
MUSE_bw_1.0,0.5007756169317659,DIFF
MUSE_bw_1.0,0.5995755904516422,DIFF
MUSE_bw_1.0,0.16416968152075714,DIFF
MUSE_bw_1.0,0.5338074703825747,DIFF
MUSE_bw_1.0,0.8475071560898474,DIFF
MUSE_bw_1.0,0.38610533960533766,DIFF
MUSE_bw_1.0,0.2168165410815876,DIFF
MUSE_bw_1.0,0.48318937931706535,DIFF
MUSE_bw_1.0,0.4858690147149859,DIFF
MUSE_bw_1.0,0.5135690948097122,DIFF
MUSE_bw_1.0,0.38513312084101836,DIFF
MUSE_bw_1.0,0.20448416756046328,DIFF
MUSE_bw_1.0,0.48356499017887794,DIFF
MUSE_bw_1.0,0.7047378760746059,DIFF
MUSE_bw_1.0,0.30022214962252547,DIFF
MUSE_bw_1.0,0.447569692840981,DIFF
MUSE_bw_1.0,0.01707001202433924,DIFF
MUSE_bw_1.0,0.36116720327175006,DIFF
MUSE_bw_1.0,0.6920364718957945,DIFF
MUSE_bw_1.0,0.3638968268988277,DIFF
MUSE_bw_1.0,0.10178555135871171,DIFF
MUSE_bw_1.0,0.450005176817025,DIFF
MUSE_bw_1.0,0.16755241214009142,DIFF
MUSE_bw_1.0,0.35167138689261657,DIFF
MUSE_bw_1.0,0.15899988968237008,DIFF
MUSE_bw_1.0,0.10931092797544212,DIFF
MUSE_bw_1.0,0.39947346341022566,DIFF
MUSE_bw_1.0,0.4810984189984553,DIFF
MUSE_bw_1.0,0.4457523132306002,DIFF
MUSE_bw_1.0,0.1872913330485901,DIFF
MUSE_bw_1.0,0.5717492835291236,DIFF
MUSE_bw_1.0,0.3060516363614804,DIFF
MUSE_bw_1.0,0.621314482905963,DIFF
MUSE_bw_1.0,0.5777676642789624,DIFF
MUSE_bw_1.0,0.45580912617106395,DIFF
MUSE_bw_1.0,0.5236602945255854,DIFF
MUSE_bw_1.0,0.5958577400686622,DIFF
MUSE_bw_1.0,0.5632096150892398,DIFF
MUSE_bw_1.0,0.20934539732688226,DIFF
MUSE_bw_1.0,0.3468549443622324,DIFF
MUSE_bw_1.0,0.055591687180462215,DIFF
MUSE_bw_1.0,0.29165287744542534,DIFF
MUSE_bw_1.0,0.06301741820947503,DIFF
MUSE_bw_1.0,0.39729805450900063,DIFF
MUSE_bw_1.0,0.3683819373843669,DIFF
MUSE_bw_1.0,0.6666750907174908,DIFF
MUSE_bw_1.0,0.4810378344393561,DIFF
MUSE_bw_1.0,0.28876244989988037,DIFF
MUSE_bw_1.0,0.358517067003189,DIFF
MUSE_bw_1.0,0.3330156102474317,DIFF
MUSE_bw_1.0,0.3276415967650071,DIFF
MUSE_bw_1.0,0.4003997359241691,DIFF
MUSE_bw_1.0,0.32689985969373336,DIFF
MUSE_bw_1.0,0.6713733821335829,DIFF
MUSE_bw_1.0,0.43608089593451843,DIFF
MUSE_bw_1.0,0.4135111676103194,DIFF
MUSE_bw_1.0,0.1152720602121053,DIFF
MUSE_bw_1.0,0.1864672084983693,DIFF
MUSE_bw_1.0,0.4486485098914667,DIFF
MUSE_bw_1.0,0.49876452480626515,DIFF
MUSE_bw_1.0,0.6886061969445006,DIFF
MUSE_bw_1.0,0.40744864563030625,DIFF
MUSE_bw_1.0,0.3379955142458444,DIFF
MUSE_bw_1.0,0.3841302591987334,DIFF
MUSE_bw_1.0,0.13810082295876272,DIFF
MUSE_bw_1.0,0.43879897758244674,DIFF
MUSE_bw_1.0,0.38603592895462796,DIFF
MUSE_bw_1.0,0.5680670018960563,DIFF
MUSE_bw_1.0,0.18332491891421432,DIFF
MUSE_bw_1.0,0.18556383819984396,DIFF
MUSE_bw_1.0,0.4452309678498938,DIFF
MUSE_bw_1.0,0.43396224313051557,DIFF
MUSE_bw_1.0,0.5317350190705471,DIFF
MUSE_bw_1.0,0.45254959378927917,DIFF
MUSE_bw_1.0,0.34227521061081034,DIFF
MUSE_bw_1.0,0.46580635022347194,DIFF
MUSE_bw_1.0,0.4343127402212802,DIFF
MUSE_bw_1.0,0.0826109101326015,DIFF
MUSE_bw_1.0,0.5611955670297581,DIFF
MUSE_bw_1.0,0.6687793727327759,DIFF
MUSE_bw_1.0,0.40942156914997735,DIFF
MUSE_bw_1.0,0.20420614974097542,DIFF
MUSE_bw_1.0,0.4359215147628902,DIFF
MUSE_bw_1.0,0.37973701284635636,DIFF
MUSE_bw_1.0,0.3733537371678447,DIFF
MUSE_bw_1.0,0.41329903392694767,DIFF
MUSE_bw_1.0,0.14344332727992282,DIFF
MUSE_bw_1.0,0.26633481964034356,DIFF
MUSE_bw_1.0,0.40023223213031006,DIFF
MUSE_bw_1.0,0.4398800535075976,DIFF
MUSE_bw_1.0,0.54887157374942,DIFF
MUSE_bw_1.0,0.5633811019187009,DIFF
MUSE_bw_1.0,0.2666197736953838,DIFF
MUSE_bw_1.0,0.6887168995837656,DIFF
MUSE_bw_1.0,0.42659320901662257,DIFF
MUSE_bw_1.0,0.1388927261001158,DIFF
MUSE_bw_1.0,0.4289858478588697,DIFF
MUSE_bw_1.0,0.41257009574401815,DIFF
MUSE_bw_1.0,0.2875620904618573,DIFF
MUSE_bw_1.0,0.4172408170307811,DIFF
MUSE_bw_1.0,0.6101147227897294,DIFF
MUSE_bw_1.0,0.5529912375798794,DIFF
MUSE_bw_1.0,0.4787953624511263,DIFF
MUSE_bw_1.0,0.1855260497130983,DIFF
MUSE_bw_1.0,0.41155539510562683,DIFF
MUSE_bw_1.0,0.7313435856810113,DIFF
MUSE_bw_1.0,0.7549562013121925,DIFF
MUSE_bw_1.0,0.4500022427699329,DIFF
MUSE_bw_1.0,0.5475862011921439,DIFF
MUSE_bw_1.0,0.3895619289812256,DIFF
MUSE_bw_1.0,0.3647410062625174,DIFF
MUSE_bw_1.0,0.4136466182529421,DIFF
MUSE_bw_1.0,0.5113871036364731,DIFF
MUSE_bw_1.0,0.7493194833665442,DIFF
MUSE_bw_1.0,0.011754087840144251,DIFF
MUSE_bw_1.0,0.4653028500249623,DIFF
word_mover,2.2752337398039755,SAME
word_mover,1.9793312464809498,SAME
word_mover,1.7448929818551435,SAME
word_mover,1.6501858873494881,SAME
word_mover,2.4577155206837533,SAME
word_mover,2.0864907678041624,SAME
word_mover,0.26426682720392236,SAME
word_mover,1.9274450349157906,SAME
word_mover,2.566209605361587,SAME
word_mover,1.6495694124227567,SAME
word_mover,1.5844048471121657,SAME
word_mover,1.341810151694026,SAME
word_mover,1.8111740483135437,SAME
word_mover,2.4186627090863912,SAME
word_mover,1.9241483749277457,SAME
word_mover,0.7688514511283717,SAME
word_mover,2.1139639204534517,SAME
word_mover,1.9083066014495724,SAME
word_mover,2.4947665589743853,SAME
word_mover,2.0957281663556397,SAME
word_mover,1.3901475560543803,SAME
word_mover,2.3114444731175086,SAME
word_mover,2.6203469399576833,SAME
word_mover,1.8381777139598705,SAME
word_mover,2.5625205822337267,SAME
word_mover,1.7505050817652366,SAME
word_mover,2.4564794857047834,SAME
word_mover,2.727863315736232,SAME
word_mover,1.7521600036888128,SAME
word_mover,1.7597864644454961,SAME
word_mover,1.7860746957545757,SAME
word_mover,2.427548642628964,SAME
word_mover,1.235842765783165,SAME
word_mover,1.703119859699791,SAME
word_mover,1.4819146313608715,SAME
word_mover,1.3020349672454596,SAME
word_mover,1.8111731458002531,SAME
word_mover,1.5161857120084763,SAME
word_mover,1.2150286122333973,SAME
word_mover,1.1396417592826589,SAME
word_mover,2.5970718692645343,SAME
word_mover,1.9673713442324017,SAME
word_mover,2.8328218566543453,SAME
word_mover,2.308928920110164,SAME
word_mover,2.3980033267768803,SAME
word_mover,2.044957137491286,SAME
word_mover,1.8823184835815214,SAME
word_mover,1.1089649736767906,SAME
word_mover,1.21472877777915,SAME
word_mover,2.5480488951152647,SAME
word_mover,2.0847035900366846,SAME
word_mover,1.938792839757246,SAME
word_mover,2.1309344882708285,SAME
word_mover,2.010951356132984,SAME
word_mover,2.082648973455585,SAME
word_mover,1.2188634175947377,SAME
word_mover,1.7880659685331006,SAME
word_mover,1.9348209268357837,SAME
word_mover,2.652694305938867,SAME
word_mover,2.3505043585320307,SAME
word_mover,1.5596379063901185,SAME
word_mover,1.442443357985972,SAME
word_mover,1.2525481612192342,SAME
word_mover,2.127585692033959,SAME
word_mover,1.8449730349662157,SAME
word_mover,2.0415789343060613,SAME
word_mover,2.5779904384578467,SAME
word_mover,1.6571290966252241,SAME
word_mover,2.241370567328662,SAME
word_mover,1.2144955562287638,SAME
word_mover,2.3353653139504824,SAME
word_mover,2.479731881117106,SAME
word_mover,1.708079481172037,SAME
word_mover,1.8576986013510814,SAME
word_mover,1.900506869797911,SAME
word_mover,2.0049485617552185,SAME
word_mover,2.041030135347859,SAME
word_mover,1.7297259261418236,SAME
word_mover,1.5566251881938498,SAME
word_mover,2.9011978386944954,SAME
word_mover,1.2929395031971807,SAME
word_mover,1.735701088551667,SAME
word_mover,1.7452246493964196,SAME
word_mover,2.3196889467766884,SAME
word_mover,1.8111694231606728,SAME
word_mover,2.1390244330682706,SAME
word_mover,1.7875806032428563,SAME
word_mover,2.0220746993377774,SAME
word_mover,2.6963735592402576,SAME
word_mover,2.104872595593702,SAME
word_mover,2.011757508508403,SAME
word_mover,1.6941522707053012,SAME
word_mover,1.4215414844491148,SAME
word_mover,1.6823941626438292,SAME
word_mover,2.0764291653612035,SAME
word_mover,1.2197433396393562,SAME
word_mover,1.8394054055264235,SAME
word_mover,2.86950022020288,SAME
word_mover,1.96662825962445,SAME
word_mover,1.9428729579771906,SAME
word_mover,2.2189934611951876,SAME
word_mover,1.925628784039776,SAME
word_mover,0.8830942695934387,SAME
word_mover,1.356836160559787,SAME
word_mover,1.6418869831537164,SAME
word_mover,1.7878147336410217,SAME
word_mover,2.02146179635283,SAME
word_mover,1.2685488050830542,SAME
word_mover,0.5712094679856301,SAME
word_mover,1.744970493621826,SAME
word_mover,1.425097039209161,SAME
word_mover,1.8985850749078461,SAME
word_mover,2.1497361766080734,SAME
word_mover,2.0713216694897723,SAME
word_mover,2.1395207807977563,SAME
word_mover,0.8988310214517957,SAME
word_mover,2.933574331755543,SAME
word_mover,1.7137911540347446,SAME
word_mover,0.6089780815823589,DIFF
word_mover,0.4430419449646473,DIFF
word_mover,0.4953581491093636,DIFF
word_mover,0.921943729277134,DIFF
word_mover,0.5477443167654684,DIFF
word_mover,0.8732127270689964,DIFF
word_mover,0.3330863823966341,DIFF
word_mover,0.7929438871192335,DIFF
word_mover,0.9948253701472249,DIFF
word_mover,0.19764649390891775,DIFF
word_mover,0.8766840507069361,DIFF
word_mover,0.7224106414770373,DIFF
word_mover,0.4340108198395142,DIFF
word_mover,0.959341453958735,DIFF
word_mover,0.7775672076193678,DIFF
word_mover,0.8892224507514729,DIFF
word_mover,1.0553130736540262,DIFF
word_mover,1.0966085143144726,DIFF
word_mover,0.5976733907624483,DIFF
word_mover,0.693168168117857,DIFF
word_mover,1.7360590680687191,DIFF
word_mover,0.5950114047652483,DIFF
word_mover,0.9080754312626335,DIFF
word_mover,0.6975465384580247,DIFF
word_mover,0.5791454390108586,DIFF
word_mover,0.3412568764399843,DIFF
word_mover,0.6347059582077026,DIFF
word_mover,0.8119424890026634,DIFF
word_mover,0.0,DIFF
word_mover,0.5381974013184003,DIFF
word_mover,0.0,DIFF
word_mover,1.2166208058182073,DIFF
word_mover,0.6147571635724859,DIFF
word_mover,0.9430838253769707,DIFF
word_mover,0.5738878672319705,DIFF
word_mover,0.5240006181836095,DIFF
word_mover,1.1135346355134528,DIFF
word_mover,0.4992158655799217,DIFF
word_mover,0.46457465393272634,DIFF
word_mover,0.9749973070639741,DIFF
word_mover,0.0,DIFF
CR5,0.9671732041639692,SAME
CR5,0.6014834154982094,SAME
CR5,0.3351885114422616,SAME
CR5,0.3988056349987418,SAME
CR5,0.3924655227344407,SAME
CR5,0.9571895948341242,SAME
CR5,0.015147172593070302,SAME
CR5,0.6535052134996022,SAME
CR5,0.8535313275802681,SAME
CR5,0.722255318391674,SAME
CR5,0.05743386717748422,SAME
CR5,0.37236188088904454,SAME
CR5,0.8578538572366785,SAME
CR5,1.0204135174807285,SAME
CR5,0.7619076501815215,SAME
CR5,0.3682472960456801,SAME
CR5,0.4891363161519282,SAME
CR5,0.665960380184565,SAME
CR5,0.7896611286323061,SAME
CR5,0.4127686386745423,SAME
CR5,0.5049424779345942,SAME
CR5,0.20994585403146537,SAME
CR5,0.7246541623958108,SAME
CR5,0.7778987930136203,SAME
CR5,1.0190829353810857,SAME
CR5,0.7860209946517238,SAME
CR5,1.084306852644163,SAME
CR5,0.8923817653896712,SAME
CR5,0.7223218598368236,SAME
CR5,0.5672134812670457,SAME
CR5,0.7068065191490296,SAME
CR5,0.9479945756746581,SAME
CR5,0.2143826918229469,SAME
CR5,0.8167381941468401,SAME
CR5,0.5916234612205633,SAME
CR5,0.5963168779404264,SAME
CR5,0.3695342885503655,SAME
CR5,0.4820170803635956,SAME
CR5,0.30168222390746846,SAME
CR5,0.3598079037687987,SAME
CR5,0.6451413534257203,SAME
CR5,0.7242843578497717,SAME
CR5,0.7660744603731028,SAME
CR5,0.8785193533196094,SAME
CR5,0.7631685543514745,SAME
CR5,0.3677304919272363,SAME
CR5,0.6331674319217379,SAME
CR5,0.025944956333641467,SAME
CR5,0.34389443983536094,SAME
CR5,0.8419332260638412,SAME
CR5,0.5404821904280691,SAME
CR5,0.7890413744980324,SAME
CR5,0.5520646184646132,SAME
CR5,0.7859475312688067,SAME
CR5,0.4932991374839063,SAME
CR5,0.6007861931046841,SAME
CR5,0.7914713003016021,SAME
CR5,0.5386435036028007,SAME
CR5,0.9641011506239991,SAME
CR5,0.8841163565362914,SAME
CR5,0.39878337861268665,SAME
CR5,0.7896815860507717,SAME
CR5,0.3304960203930182,SAME
CR5,0.7360143851400851,SAME
CR5,0.49354389210146055,SAME
CR5,0.8160727229029067,SAME
CR5,0.6310119863600869,SAME
CR5,0.457815591145197,SAME
CR5,0.7788718216052881,SAME
CR5,0.29448142760679596,SAME
CR5,0.9173147736331647,SAME
CR5,0.9989668379949448,SAME
CR5,0.5062200237877024,SAME
CR5,0.336450136720268,SAME
CR5,0.6595868046624449,SAME
CR5,0.3009910001748787,SAME
CR5,0.7427990235994482,SAME
CR5,0.5097589165290747,SAME
CR5,0.45847962579764656,SAME
CR5,0.9691761334118121,SAME
CR5,0.40922681696449126,SAME
CR5,0.6828485546525516,SAME
CR5,0.6335923308757583,SAME
CR5,0.7079360834605597,SAME
CR5,0.4267064641831644,SAME
CR5,0.8501359501653438,SAME
CR5,0.838997812865781,SAME
CR5,0.6851079555010753,SAME
CR5,0.9719537451696355,SAME
CR5,0.5030415780602557,SAME
CR5,0.5459698252886906,SAME
CR5,0.7899029419297755,SAME
CR5,0.4490985473742586,SAME
CR5,0.6316906737426614,SAME
CR5,0.8587704135342787,SAME
CR5,0.1977506223815635,SAME
CR5,0.8870116311457722,SAME
CR5,0.7728065134476949,SAME
CR5,0.658892629724916,SAME
CR5,0.7330466791384752,SAME
CR5,0.9297140957183652,SAME
CR5,0.24058984765660918,SAME
CR5,0.33005791930085127,SAME
CR5,1.16736884020948,SAME
CR5,0.6047597410685713,SAME
CR5,0.8288629876643784,SAME
CR5,0.5358751662356269,SAME
CR5,0.7485973136509039,SAME
CR5,0.6058109259185807,SAME
CR5,0.554799981448379,SAME
CR5,0.3585200251016015,SAME
CR5,0.6266924237495541,SAME
CR5,0.8471685359723555,SAME
CR5,0.7449912427770253,SAME
CR5,1.030552904397149,SAME
CR5,0.2132930837728393,SAME
CR5,1.0091330350005423,SAME
CR5,0.46825246223517847,SAME
CR5,0.042543997050189075,DIFF
CR5,0.049486055868231404,DIFF
CR5,0.11220867105633248,DIFF
CR5,0.05916552899286842,DIFF
CR5,0.052530217002839885,DIFF
CR5,0.4042978164501094,DIFF
CR5,0.022879649619017672,DIFF
CR5,0.09532208621667004,DIFF
CR5,0.26592637677713404,DIFF
CR5,0.08419347803057975,DIFF
CR5,0.2214702832616503,DIFF
CR5,0.11012196074726788,DIFF
CR5,0.022164613139244005,DIFF
CR5,0.12641768892110938,DIFF
CR5,0.1705291617950443,DIFF
CR5,0.29486535402165137,DIFF
CR5,0.17795962058385728,DIFF
CR5,0.0924388788861471,DIFF
CR5,0.03916185884204737,DIFF
CR5,0.06331502475939343,DIFF
CR5,0.30828611073974865,DIFF
CR5,0.06275860004965039,DIFF
CR5,0.22569969790091204,DIFF
CR5,0.07510794848175628,DIFF
CR5,0.0722798671685928,DIFF
CR5,0.037933477894866785,DIFF
CR5,0.2101947667285392,DIFF
CR5,0.05497887446979266,DIFF
CR5,0.0,DIFF
CR5,0.07894822612276708,DIFF
CR5,0.0,DIFF
CR5,0.10478155467112027,DIFF
CR5,0.07549635874582006,DIFF
CR5,0.3684293572251409,DIFF
CR5,0.35634258443071365,DIFF
CR5,0.25170792646997264,DIFF
CR5,0.32516832473704427,DIFF
CR5,0.03801763085112808,DIFF
CR5,0.014426136839226444,DIFF
CR5,0.1879809562100081,DIFF
CR5,0.0,DIFF
set,0.75,SAME
set,0.6666666666666666,SAME
set,0.7142857142857143,SAME
set,0.7142857142857143,SAME
set,0.875,SAME
set,0.5333333333333333,SAME
set,0.8888888888888888,SAME
set,0.5,SAME
set,0.5833333333333334,SAME
set,0.875,SAME
set,0.5,SAME
set,0.6666666666666666,SAME
set,0.8888888888888888,SAME
set,0.625,SAME
set,0.7272727272727273,SAME
set,0.6363636363636364,SAME
set,0.625,SAME
set,0.625,SAME
set,0.8571428571428571,SAME
set,0.8571428571428571,SAME
set,0.38461538461538464,SAME
set,0.8571428571428571,SAME
set,0.6363636363636364,SAME
set,0.7,SAME
set,0.75,SAME
set,0.875,SAME
set,0.625,SAME
set,0.7142857142857143,SAME
set,1.0,SAME
set,0.8181818181818182,SAME
set,0.8,SAME
set,0.5,SAME
set,0.8666666666666667,SAME
set,0.6428571428571429,SAME
set,0.7777777777777778,SAME
set,0.75,SAME
set,0.5454545454545454,SAME
set,0.8,SAME
set,0.8333333333333334,SAME
set,0.6363636363636364,SAME
set,0.8333333333333334,SAME
set,0.0,DIFF
set,0.3333333333333333,DIFF
set,0.5555555555555556,DIFF
set,0.375,DIFF
set,0.08695652173913043,DIFF
set,0.16666666666666666,DIFF
set,0.7777777777777778,DIFF
set,0.2,DIFF
set,0.17391304347826086,DIFF
set,0.4,DIFF
set,0.3,DIFF
set,0.25,DIFF
set,0.4166666666666667,DIFF
set,0.08333333333333333,DIFF
set,0.2857142857142857,DIFF
set,0.6,DIFF
set,0.375,DIFF
set,0.2692307692307692,DIFF
set,0.2,DIFF
set,0.2857142857142857,DIFF
set,0.3684210526315789,DIFF
set,0.2727272727272727,DIFF
set,0.19047619047619047,DIFF
set,0.2,DIFF
set,0.05263157894736842,DIFF
set,0.21739130434782608,DIFF
set,0.1875,DIFF
set,0.08333333333333333,DIFF
set,0.2,DIFF
set,0.3076923076923077,DIFF
set,0.5,DIFF
set,0.2,DIFF
set,0.36363636363636365,DIFF
set,0.3333333333333333,DIFF
set,0.4666666666666667,DIFF
set,0.4,DIFF
set,0.22727272727272727,DIFF
set,0.3333333333333333,DIFF
set,0.47619047619047616,DIFF
set,0.5,DIFF
set,0.2727272727272727,DIFF
set,0.2727272727272727,DIFF
set,0.15,DIFF
set,0.15384615384615385,DIFF
set,0.125,DIFF
set,0.3333333333333333,DIFF
set,0.3333333333333333,DIFF
set,0.6666666666666666,DIFF
set,0.4444444444444444,DIFF
set,0.1875,DIFF
set,0.1875,DIFF
set,0.3076923076923077,DIFF
set,0.2857142857142857,DIFF
set,0.36363636363636365,DIFF
set,0.2857142857142857,DIFF
set,0.45454545454545453,DIFF
set,0.35,DIFF
set,0.23076923076923078,DIFF
set,0.15,DIFF
set,0.17647058823529413,DIFF
set,0.4,DIFF
set,0.38461538461538464,DIFF
set,0.5833333333333334,DIFF
set,0.2857142857142857,DIFF
set,0.2608695652173913,DIFF
set,0.2608695652173913,DIFF
set,0.16666666666666666,DIFF
set,0.42857142857142855,DIFF
set,0.2,DIFF
set,0.42857142857142855,DIFF
set,0.11764705882352941,DIFF
set,0.125,DIFF
set,0.25,DIFF
set,0.35714285714285715,DIFF
set,0.2777777777777778,DIFF
set,0.3076923076923077,DIFF
set,0.25,DIFF
set,0.4166666666666667,DIFF
set,0.38461538461538464,DIFF
set,0.0,DIFF
set,0.45454545454545453,DIFF
set,0.23529411764705882,DIFF
set,0.2727272727272727,DIFF
set,0.18181818181818182,DIFF
set,0.2857142857142857,DIFF
set,0.3,DIFF
set,0.36363636363636365,DIFF
set,0.2857142857142857,DIFF
set,0.09090909090909091,DIFF
set,0.2222222222222222,DIFF
set,0.2,DIFF
set,0.3125,DIFF
set,0.5,DIFF
set,0.4,DIFF
set,0.15789473684210525,DIFF
set,0.5,DIFF
set,0.14285714285714285,DIFF
set,0.16666666666666666,DIFF
set,0.26666666666666666,DIFF
set,0.27586206896551724,DIFF
set,0.12,DIFF
set,0.3,DIFF
set,0.45454545454545453,DIFF
set,0.4,DIFF
set,0.4444444444444444,DIFF
set,0.16666666666666666,DIFF
set,0.13793103448275862,DIFF
set,0.7,DIFF
set,0.6666666666666666,DIFF
set,0.4444444444444444,DIFF
set,0.4,DIFF
set,0.375,DIFF
set,0.2777777777777778,DIFF
set,0.36363636363636365,DIFF
set,0.17647058823529413,DIFF
set,0.625,DIFF
set,0.0,DIFF
set,0.46153846153846156,DIFF
